idx;query_id;claim;juicio_llm;comentario_llm
1;q178;Azure relies on pod scheduling failures and resource constraints to trigger scale-up actions..;incorrecto;El chunk trata autoescalado de ECS en AWS, no el mecanismo afirmado para Azure.
2;q170;Provides hardware acceleration of initial connection setup, enhancing performance and reducing latency..;incorrecto;El chunk enumera capacidades de Cosmos DB para MongoDB y no menciona aceleraci?n de conexiones.
3;q183;Getting Started with Azure Cosmos DB for Table ().;incorrecto;Claim degenerado: es un t?tulo sin proposici?n factual evaluable.
4;q022;Sample applications: The [CODE] directory provides example applications that demonstrate various features and use cases of AWS Lambda, including managed runtimes in multiple programming languages such as Node.js, Python, Ruby, Java, Go, C#, and PowerShell.;incorrecto;El chunk menciona aplicaciones de ejemplo y runtimes gestionados, pero no respalda la lista de lenguajes afirmada.
5;q189;Control Over Upgrades: EKS requires upgrading the control plane first and allows node pool upgrades alongside it if needed..;incorrecto;El chunk describe upgrades de AKS y no respalda el orden de actualizaci?n atribuido a EKS.
6;q101;If you're using Ubuntu Pro, start by creating a VM and choosing the desired Ubuntu Pro version from the public images tab.;incorrecto;"El chunk compara GKE y Cloud Run; no menciona Ubuntu Pro ni la creaci?n de una VM."
7;q082;Automated Deployment Configuration: Create the file share as part of your deployment.;incorrecto;El chunk explica restricciones de red para Functions y no la creaci?n autom?tica de un file share.
8;q196;Subnets: All three providers support subnets within their respective VPC/VNet structures..;incorrecto;El chunk solo trata networking de ECS en AWS y no respalda subnets en los tres proveedores.
9;q004;If a potential security issue is discovered, it should be reported via AWS's vulnerability reporting page and not on GitHub..;incorrecto;El chunk trata contribuciones a la documentaci?n de EKS y no indica el canal para reportar vulnerabilidades.
10;q175;- Reserved Instance usage examples.;incorrecto;Claim degenerado y sin relaci?n con el chunk sobre un proyecto vac?o de Lambda.
11;q178;Azure VMSS: Relies on AKS APIs or stopping the cluster for zero-node configurations..;incorrecto;El chunk trata Accelerated Networking y pol?ticas de upgrade de VMSS, no APIs de AKS ni clusters de cero nodos.
12;q006;Burstable performance instances (T instances).;incorrecto;El chunk explica descuentos de Reserved Instances de EC2 y no respalda instancias T ni precios de S3.
13;q123;GKE Multi-Cloud - Extends GKE for use outside Google Cloud, including: GKE attached clusters (add CNCF-conformant Kubernetes clusters to your fleet).;incorrecto;El chunk trata desarrollo y despliegue a GKE desde un IDE, no GKE Multi-Cloud ni attached clusters.
14;q116;Enable Data Access Audit Logs.;incorrecto;El chunk describe un m?todo y su tipo de audit log, pero no indica habilitar Data Access Audit Logs.
15;q166;Use Case Selection: Blob Storage: Choose when you don't require a web server to render content and need to store unstructured data.;incorrecto;"El chunk solo remite a objetivos de rendimiento y SLA de page blobs; no respalda el criterio de selecci?n afirmado."
16;q190;Important note: Increase forwarding timeout values for Windows DNS servers forwarding to Azure DNS to avoid resolution issues..;incorrecto;El chunk trata Route 53 y seguimiento de conexiones de EC2, no timeouts de DNS en Windows hacia Azure DNS.
17;q082;Automated Deployment Configuration: Set the [CODE] app setting to the name of the file share ].;incorrecto;El chunk explica restricciones de acceso de Azure Functions y no menciona un app setting para un file share.
18;q119;Using Terraform for GKE setup.;incorrecto;El chunk describe observabilidad de workloads en GKE y no el uso de Terraform para configurarlo.
19;q021;Can monitor Data Lifecycle Manager (DLM) policies.;incorrecto;El chunk enumera monitoreo de Capacity Reservations y no pol?ticas de Data Lifecycle Manager.
20;q108;Access the build logs using [CODE] or the Google Cloud console.;incorrecto;El chunk muestra logs de una funci?n en Cloud Run, no acceso a logs de Cloud Build por c?digo o consola.
21;q170;| A compute service used to host middle-tier services and provide enhanced networking capabilities.;incorrecto;El chunk trata capacidades de Cosmos DB para MongoDB y no un servicio de c?mputo para capas intermedias.
22;q089;Click Create virtual network..;incorrecto;El chunk indica seleccionar una red y crear otro recurso, pero no respalda la acci?n de crear una virtual network.
23;q094;Azure Bastion for connecting to VMs.;incorrecto;El chunk explica networking de contenedores y creaci?n de un resource group, sin mencionar Azure Bastion.
24;q048;EnableMongo: Enables support for native MongoDB features..;correcto;El chunk identifica EnableMongo como capacidad de una cuenta Cosmos DB for MongoDB, respaldo directo de la funci?n afirmada.
25;q195;Functionality: Google Cloud Build is recommended as part of the best practice for configuring an application CI/CD pipeline for GKE.;incorrecto;El chunk describe CI/CD de Azure Functions con Azure Pipelines o GitHub Actions, no Cloud Build para GKE.
26;q076;[CODE]: This optional parameter specifies that only aggregated metrics for the Auto Scaling group should be reported..;incorrecto;El chunk es una nota de versiones de GKE y no contiene el par?metro de m?tricas de EC2 Auto Scaling.
27;q173;Users do not need to manage or maintain the underlying Kubernetes components such as the API server, controller manager, scheduler, etc..;incorrecto;El chunk describe GKE Multi-Cloud, pero no afirma que el usuario quede exento de gestionar componentes de Kubernetes.
28;q012;For precise SLA information, one would need to refer directly to Amazon's official AWS Service Level Agreements documentation or contact AWS support.;incorrecto;El chunk trata m?tricas de red de EC2 y no orienta sobre el SLA de RDS.
29;q064;AsciiDoc markup language used for documentation.;incorrecto;El chunk contiene licencias y contribuci?n a documentaci?n de EKS, no el lenguaje AsciiDoc.
30;q048;Multi-Model Support: Supports various data models through different APIs: API for Table.;incorrecto;El chunk solo muestra la capacidad EnableMongo y no respalda soporte multimodelo mediante API for Table.
31;q097;Azure Functions-specific monitoring metrics.;incorrecto;El chunk muestra un patr?n monitor de Durable Functions, pero no enumera m?tricas de monitoreo espec?ficas.
32;q041;Virtual Network TAP - Supported in these regions: UK South.;incorrecto;UK South aparece para la preview de una routing appliance, no como regi?n soportada de Virtual Network TAP.
33;q175;Similar to AWS IAM, it allows administrators to control who can access which resources in their GCP project.;incorrecto;El chunk muestra acceso de Pods mediante una service account, pero no la afirmaci?n general de control administrativo de recursos.
34;q064;AWS ECS (Elastic Container Service) -.;incorrecto;Claim degenerado: es un encabezado incompleto sin proposici?n factual.
35;q122;For Amazon ECS, auto-scaling is implemented using an Auto Scaling group capacity provider with managed scaling turned on.;correcto;El chunk indica crear un capacity provider sobre un Auto Scaling group y activar managed scaling.
36;q117;Infrastructure Management: Cloud Run manages the underlying infrastructure automatically.;incorrecto;El chunk caracteriza usos serverless de Cloud Run, pero no afirma que gestione autom?ticamente la infraestructura.
37;q082;Connect the back end of your apps to your virtual networks by using virtual network integration.;correcto;El chunk dice expresamente que virtual network integration conecta el back end de las apps a las redes virtuales.
38;q082;In your Function App, expand Settings, and then select Networking..;incorrecto;El chunk describe capacidades de red de App Service y no esos pasos de navegaci?n de una Function App.
39;q019;Fleet quotas for EC2 Fleets and Spot Fleets: An EC2 Fleet request or a Spot Fleet request can't span Regions or different subnets from the same Availability Zone ..;incorrecto;El chunk trata cuotas de Reserved Instances y no las restricciones regionales o de subnets de EC2 Fleets.
40;q187;Through their partnership with NVIDIA, they deliver the latest GPUs while optimizing the software stack with a wide.;incorrecto;El chunk explica disponibilidad de TPU en Google Cloud y no una alianza con NVIDIA ni optimizaci?n de GPUs.
41;q164;These services serve different purposes:.;incorrecto;Claim degenerado e incompleto: no formula qu? prop?sitos distintos se atribuyen a los servicios.
42;q075;Create Alarms (Optional): To set up notifications for specific thresholds, create CloudWatch alarms based on the RDS metrics..;incorrecto;El chunk muestra m?tricas de pol?ticas DLM de EC2, no alarmas sobre m?tricas de RDS.
43;q167;Scaling Blob Storage: In Azure Blob Storage [1], the performance of your storage requests can be increased by using more clients.;correcto;El chunk afirma que Blob Storage logra mayor throughput a?adiendo m?s clientes.
44;q070;Container instances require external network access to communicate with the Amazon ECS service endpoint.;incorrecto;El chunk trata roles IAM y FSx para ECS, sin exigir acceso de red externo al endpoint de ECS.
45;q088;In the storage account, select Containers under Data storage..;dudoso;El chunk inicia el procedimiento correcto de subida a un contenedor, pero se corta antes del paso exacto afirmado.
46;q169;The choice of tier determines the features available for managing your cluster, with Standard being the default for Automatic SKU clusters ((azure/AKS/Core concepts for Azure Kubernetes Service (AKS) > Pricing tiers))..;dudoso;El chunk respalda que el tier determina funciones, pero no deja visible si Standard es el default de Automatic SKU.
47;q029;Amazon Elastic Container Service (Amazon ECS) is a fully managed container orchestration service designed to help users easily deploy, manage, and scale containerized applications [Source: Source: Source: Source: Source: Source: Source: Source: Source: Source: Source: Source: Source: Source: Source: Source: Source: Source: Source: Source: Source: Source: Source;incorrecto;El chunk enumera caracter?sticas de EC2, no define ni respalda las capacidades de ECS.
48;q115;For precise steps and configurations specific to Pub/Sub, refer directly to the [Google Cloud IAM documentation for Pub/Sub](https://cloud.google.com/pubsub/iam) or similar authoritative sources outside the provided context.;incorrecto;El chunk remite a IAM de Compute Engine y no a documentaci?n ni configuraci?n IAM de Pub/Sub.
49;q104;Deploy the Custom Metrics Stackdriver Adapter: This adapter allows the HPA to read custom metrics from Monitoring..;incorrecto;El chunk menciona HPA como opci?n, pero no el Custom Metrics Stackdriver Adapter ni su funci?n.
50;q075;"In the ""CloudWatch alarms"" section, create a new CloudWatch alarm for your RDS instance by clicking on ""Create Alarm"".";incorrecto;El chunk describe alarmas de CloudWatch para ECS, no el flujo de creaci?n de una alarma para RDS.
51;q195;It is used alongside Cloud Deploy and Artifact Registry [Source: gcp/GKE/GKE overviewStay organized with collectionsSave.;correcto;El chunk recomienda una canalizaci?n que usa conjuntamente Cloud Build, Cloud Deploy y Artifact Registry.
52;q030;Scalability and Durability: Azure Blob Storage supports both standard and premium storage accounts with replicated data to ensure durability and high availability.;correcto;El chunk afirma que standard y premium replican page blobs para durabilidad y alta disponibilidad.
53;q021;Graphs of alarms and resources.;incorrecto;El chunk describe alarmas de CloudWatch para ECS, pero no gr?ficos de alarmas y recursos.
54;q146;AWS ECS CloudWatch metrics.;incorrecto;El chunk presenta m?tricas de uso de EC2, no m?tricas de ECS.
55;q072;[Example IAM policies for ClassicLink](#iam-example-classiclink).;incorrecto;Claim degenerado: es solo el t?tulo/enlace de una secci?n sin proposici?n factual.
56;q044;Upcoming Changes: Starting September 2025, a rollout will enable quota for all current and new AKS customers, enforcing limits on the maximum number of managed clusters per region..;correcto;El chunk declara el rollout de septiembre de 2025 y el l?mite regional de clusters AKS gestionados.
57;q181;AWS CloudWatch: The provided context contains detailed information about AWS CloudWatch monitoring solutions, including: CloudWatch Logs for container and container instance logs.;dudoso;El chunk es de monitoreo de ECS, pero se corta durante CloudWatch Alarms antes de mostrar si incluye los Logs afirmados.
58;q118;"Create a new GKE cluster using Autopilot mode: Choose a name for your cluster, set the node pool configuration, and click on ""Create""..";incorrecto;El chunk explica autoescalado de ECS en AWS, no creaci?n de un cluster GKE Autopilot.
59;q076;"Purchasing Option: Select ""Request Spot instances"" if you want to use Spot Instances with adjustable maximum prices and interruption behaviors..";incorrecto;El chunk configura escalado de un Spot Fleet existente y no la opci?n de solicitar Spot ni sus precios/interrupciones.
60;q070;Create an Amazon ECS service to run and maintain the specified number of instances of your task definition simultaneously in the cluster .;incorrecto;El chunk describe tipos de capacity provider y no la creaci?n de un ECS service con desired count.
61;q128;RDS provides database hosting.;correcto;El chunk muestra la creaci?n y configuraci?n de una base de datos alojada en RDS.
62;q136;Metrics are filtered by [CODE], [CODE], [CODE], etc., reflecting only resources with running tasks..;incorrecto;El chunk describe vistas de m?tricas ECS, pero no los filtros afirmados ni que solo reflejen recursos con tareas activas.
63;q029;External Instance Option with ECS Anywhere: Allows management of on-premises container workloads using the same tools as AWS-managed clusters, extending ECS capabilities to hybrid environments..;incorrecto;El chunk enumera integraciones de ECS y no ECS Anywhere ni gesti?n de workloads on-premises.
64;q116;[GCP > Cloud Functions > Functions audit logging > API interface audit logs](https://cloud.google.com/functions/docs/audit-logging#api_interface).;incorrecto;Claim degenerado: es ?nicamente una referencia a una secci?n, sin proposici?n factual.
65;q021;Watch a single metric over a time period that you specify.;incorrecto;El chunk enumera funciones de EC2 y no la observaci?n de una m?trica por CloudWatch.
66;q041;Azure Virtual Network Routing Appliance (Public Preview) supports the following regions: East US.;incorrecto;East US aparece al crear una virtual network, no como regi?n soportada de la routing appliance en preview.
67;q079;AWS CDK for ECS Deployments ⏎ ****.;incorrecto;"El chunk trata aplicaciones de IA en GKE; no AWS CDK ni despliegues ECS."
68;q125;Utilize BigQuery's Automatic Scaling: Ensure that you have sufficient quota limits set in your Google Cloud project to accommodate high-throughput queries..;incorrecto;El chunk explica autoscaling y resiliencia de MIGs, no escalado autom?tico ni cuotas de BigQuery.
69;q182;AWS ELB offers specialized ALBs and NLBs with distinct features tailored for application layer routing and high-performance TCP/UDP traffic, respectively..;incorrecto;El chunk solo introduce consideraciones de ALB/NLB para ECS y no respalda las funciones diferenciadas afirmadas.
70;q080;Navigate to the Azure portal and create a new Log Analytics workspace.;incorrecto;El chunk enumera datos de monitoreo de AKS, pero no indica crear un Log Analytics workspace.
71;q130;The documentation contains detailed information about AWS ECS (Elastic Container Service) and AWS EC2, but not EKS.;incorrecto;El chunk s? menciona EKS Runtime Monitoring y no respalda la descripci?n del contenido documental afirmada.
72;q178;AWS EC2 (via ECS): Specifically designed for ECS workloads, not directly applicable to EC2 instances without additional configuration..;correcto;El chunk limita este autoescalado a clusters ECS y exige capacity providers basados en Auto Scaling groups.
73;q103;Select Create an Autopilot cluster..;incorrecto;El chunk menciona crear un cluster GKE gen?rico y no seleccionar espec?ficamente un cluster Autopilot.
74;q196;VPC (Virtual Private Cloud): A VPC (Virtual Private Cloud) network is a logically isolated section of the Google Cloud Platform that you can use to launch and manage resources..;incorrecto;El chunk describe Service Connect y security groups de una VPC de AWS, no define una VPC de Google Cloud.
75;q173;Azure AKS: Offers advanced networking services that extend beyond Azure, including integration with other cloud providers through features like Advanced Container Networking Services..;incorrecto;El chunk atribuye extensi?n multicloud a GKE, no a servicios avanzados de networking de AKS.
76;q182;Global Load Balancing: Routes traffic to the nearest location using Cloud DNS geolocation routing policies, enhancing latency reduction and redundancy across regions..;incorrecto;El chunk introduce load balancing y MIGs regionales, sin Cloud DNS geolocation ni ruteo a la ubicaci?n m?s cercana.
77;q110;Configuring IAM permissions for Google Cloud Compute Engine involves understanding the principle of least privilege and assigning specific roles to identities at the appropriate scope (project or resource).;incorrecto;El chunk trata roles m?nimos para desplegar en GKE, no permisos de Compute Engine ni scopes de proyecto/recurso.
78;q092;Built-in redundancy options: Locally redundant storage (LRS) and zone-redundant storage (ZRS).;correcto;El chunk enumera literalmente LRS y ZRS como redundancia integrada para backup y recuperaci?n.
79;q061;Big Data Processing: It helps in analyzing big datasets on GKE by providing necessary data storage and.;correcto;El chunk afirma que BigQuery aporta almacenamiento y procesamiento para analizar grandes datasets en GKE.
80;q175;Azure: Azure AD + RBAC.;incorrecto;El chunk trata service accounts y m?tricas de GKE en GCP, no Azure AD ni RBAC.
81;q122;In this example, replace [CODE] with the YAML file containing your application's deployment configuration and [CODE] with the name of your deployment.;incorrecto;El chunk explica crear un cluster ECS en consola y no placeholders de un YAML de deployment.
82;q019;Fleet quotas for EC2 Fleets and Spot Fleets: The target capacity per EC2 Fleet or Spot Fleet: 10,000.;incorrecto;El chunk trata cuotas de Reserved Instances y no el l?mite de capacidad de EC2/Spot Fleet.
83;q038;Networking: Leverage our networking options for your needs.;dudoso;El chunk es la tabla de funciones de AKS, pero se corta antes de permitir verificar la fila de networking.
84;q132;Comparative Answer: ⏎  ⏎ Based on the provided documentation context, I cannot find sufficient information to fully answer this question about the differences between AWS Lambda and AWS EC2.;correcto;El chunk solo muestra una integraci?n puntual entre EventBridge, EC2 Fleet y Lambda, insuficiente para una comparaci?n completa.
85;q089;Select Next, Next, and select Create..;dudoso;El chunk est? en un procedimiento de networking de storage/Functions, pero se corta antes de los pasos finales afirmados.
86;q150;While the context provides details regarding:.;incorrecto;Claim degenerado e incompleto: no enumera los detalles que supuestamente proporciona el contexto.
87;q157;Therefore, a direct comparison regarding scaling options between Azure Cosmos DB and ACI cannot be made from the given documentation.;correcto;El chunk solo documenta escalado de Cosmos DB y no contiene informaci?n de ACI para una comparaci?n directa.
88;q027;Multi-AZ deployment: AWS RDS supports multi-AZ deployments for high availability and data durability.;incorrecto;El chunk es un aviso de repositorio archivado de RDS y no menciona despliegues Multi-AZ.
89;q036;Offering a Start/Stop VMs v2 feature that starts or stops virtual machines on user-defined schedules, provides insights through Azure Application Insights, and sends optional notifications using action groups .;incorrecto;El chunk explica cr?ditos de CPU de VMs B-series, no Start/Stop VMs v2 ni sus notificaciones.
90;q119;Must end with a letter or a.;incorrecto;Claim degenerado e incompleto, sin entidad ni condici?n verificable.
91;q004;Streamlined Contribution Process: Faster pull request processing.;incorrecto;El chunk enumera caracter?sticas de EC2 y no el proceso de contribuci?n de EKS.
92;q039;discusses standard and basic SKUs for public IP addresses used by Azure Bastion, but this does not directly relate to VM SKUs.;incorrecto;El chunk trata tipos de Azure Disk para AKS, no SKUs de IP p?blica de Bastion ni VM SKUs.
93;q031;Microsoft Azure operated by 21Vianet.;incorrecto;El chunk habla gen?ricamente de regiones p?blicas y nubes nacionales, sin identificar Azure operado por 21Vianet.
94;q074;On the Configure task and container definitions page, scroll down and choose Configure via JSON..;dudoso;El chunk inicia el procedimiento de task definitions de ECS, pero se corta antes de la pantalla donde podr?a aparecer Configure via JSON.
95;q180;To compare AWS CloudFormation and Azure Resource Manager templates, we would need documentation that describes ARM templates from Azure.;correcto;El chunk solo aporta plantillas de CloudFormation y no documentaci?n de ARM necesaria para compararlas.
96;q064;None of these sections specifically address the setup or configuration of AWS EKS for production workloads.;correcto;El chunk se refiere a AKS y no contiene instrucciones de configuraci?n de EKS, como afirma el claim.
97;q065;Action: Choose an appropriate database engine (e.g., MySQL, PostgreSQL) based on your application requirements.;incorrecto;El chunk fija MySQL en un ejemplo y no indica elegir motor seg?n requisitos ni menciona PostgreSQL.
98;q161;What the documentation does mention:.;incorrecto;Claim degenerado e incompleto: anuncia contenido sin formular ninguna proposici?n.
99;q085;Configure service endpoints on the destination service..;dudoso;El chunk explica service endpoints y anuncia pasos, pero se corta antes de mostrar la configuraci?n en el servicio destino.
100;q198;Management: Azure automatically distributes VMs within an availability set across different zones to balance fault domains and update domains..;incorrecto;El chunk explica el mapeo de Availability Zones de AWS, no distribuci?n autom?tica de VMs por Azure.
101;q162;Azure Virtual Machines: Can be deployed within any Azure virtual network, providing extensive networking options such as private IP addresses, subnets, and network security groups for robust isolation and connectivity..;incorrecto;El chunk trata rendimiento y uso de Ultra Disks, no opciones de networking de Azure VMs.
102;q096;*Reference*: [Scalability targets for standard storage accounts](../common/scalability-targets-standard-account.md) mentions replication options that contribute to scalability..;incorrecto;El chunk contiene el enlace de scalability targets, pero no afirma que all? haya replicaci?n que contribuya a escalar.
103;q038;When you create an AKS cluster, Azure automatically creates and configures a control plane for you at no cost.;correcto;El chunk afirma literalmente que Azure crea y configura gratis el control plane de AKS.
104;q176;Integration: All three services integrate with their respective container registries (Amazon ECR for AWS, Docker Hub for AWS, and Container Registry for GCP) ..;incorrecto;El chunk describe estrategias de colocaci?n de tareas ECS y no integraci?n con registries de los tres servicios.
105;q142;VPC configuration requirements for RDS.;incorrecto;El chunk menciona acceso a RDS mediante ClassicLink, pero no requisitos de configuraci?n VPC para RDS.
106;q149;Features: It is an AWS service that can be used with no additional charge ..;correcto;El chunk afirma literalmente que IAM es un servicio AWS sin cargo adicional.
107;q103;To deploy a workload on Google Cloud Compute Engine, follow these steps based on the provided context:.;incorrecto;Claim degenerado: introduce una lista de pasos que no llega a formular.
108;q132;AWS Lambda: Serverless compute service where you run code without provisioning or managing servers.;incorrecto;El chunk enumera caracter?sticas de EC2 y no define Lambda como servicio serverless.
109;q178;Azure VMSS (Flexible orchestration mode): In Flexible orchestration mode, you can choose whether your instances are spread across multiple zones or fault domains within a single region.;correcto;El chunk afirma que Flexible orchestration permite elegir distribuci?n entre m?ltiples zonas y garant?as regionales.
110;q093;Data cloning: Cloning existing volumes to create new persistent volumes with the same data..;correcto;El chunk define data cloning como clonar vol?menes para crear nuevos vol?menes persistentes con los mismos datos.
111;q136;| Provides documentation using AsciiDoc markup, detailing advanced formatting, cross-referencing, and contribution processes  .;incorrecto;El chunk trata contribuciones y licencias de EKS, no AsciiDoc ni capacidades avanzadas de documentaci?n.
112;q093;Important Note: Before proceeding, ensure that the application isn't writing data to the source disk.;correcto;El chunk incluye literalmente la advertencia de no escribir en el disco origen antes de continuar.
113;q102;Cloud SQL metrics and monitoring setup.;incorrecto;El chunk describe observabilidad de clusters GKE, no m?tricas ni configuraci?n de Cloud SQL.
114;q187;<br>- Reduce prediction latency.;correcto;El chunk enumera expl?citamente reducir la latencia de predicci?n como beneficio de GPUs en Vertex AI.
115;q029;Deployment Options: ECS Anywhere: This allows users to manage on-premises container workloads using the Amazon ECS console and AWS CLI ..;incorrecto;El chunk enumera integraciones de ECS y no ECS Anywhere ni gesti?n on-premises por consola/CLI.
116;q090;[Configure Azure Private Link for an Azure Cosmos DB account > Create a private endpoint by using the Azure portal] (Source: azure/Cosmos DB/Configure Azure Private Link for an Azure Cosmos DB account > Create a private endpoint by using the Azure portal).;incorrecto;El chunk configura un service endpoint para Cosmos DB, no un private endpoint mediante Private Link.
117;q195;Service: Google Cloud Build (Cloud Build).;incorrecto;El chunk remite a pr?cticas y herramientas CI/CD para GKE, pero no identifica Cloud Build.
118;q148;This comparison focuses on the distinct roles of Amazon VPC (networking foundation) and Amazon ECS (container orchestration) within the AWS ecosystem.;incorrecto;El chunk aporta recursos de service discovery de ECS y no compara su rol con la base de networking de VPC.
119;q077;EC2 monitoring with CloudWatch.;incorrecto;El chunk explica monitoreo de ECS con CloudWatch, no monitoreo de EC2.
120;q159;Azure Container Instances information is not present in the provided documentation.;correcto;El chunk contiene ?nicamente capacidades de generaciones de Azure VMs y no informaci?n de ACI.
121;q136;How to configure logging and monitoring in EKS using CloudWatch..;incorrecto;El chunk trata alarmas para ECS, no configuraci?n de logging y monitoreo en EKS.
122;q065;By following these steps, you can successfully set up Amazon RDS for a production workload, ensuring scalability, reliability, and optimal performance.;incorrecto;El chunk configura listeners para despliegue blue/green de ECS y no una instalaci?n productiva de RDS.
123;q122;Networking and forwarding rules for VMs.;correcto;El chunk define rutas y forwarding rules para tr?fico de VMs.
124;q073;If you need guidance on deploying a containerized application using AWS ECS or similar services, please provide more context or clarify the specific service you intend to use for deployment.;correcto;El chunk solo ofrece despliegue en GKE y no contexto para un despliegue en un servicio AWS concreto.
125;q110;In the body of the request, provide the updated IAM policy from the previous step.;incorrecto;El chunk presenta prerrequisitos de IAM de Compute Engine y no el paso de enviar una policy actualizada en el request.
126;q080;These can be analyzed using the Metrics Explorer or used to create metric alerts.;dudoso;El chunk introduce m?tricas de AKS y opciones de an?lisis, pero se corta antes de Metrics Explorer y metric alerts.
127;q071;Next, go to the Amazon CloudWatch console.;incorrecto;El chunk trata monitoreo de snapshots y AMIs de EC2, no DynamoDB ni el siguiente paso en CloudWatch.
128;q120;After deployment, navigate to the Deployment details page for [CODE]..;correcto;El chunk indica abrir Deployment details para hello-world-app despu?s de completar el deployment.
129;q187;Best Practice: Choose Vertex AI for teams focused on MLOps and rapid time-to-value.;dudoso;El chunk compara plataformas y se corta al comenzar las recomendaciones, antes de la recomendaci?n espec?fica sobre Vertex AI.
130;q117;for hybrid deployment considerations..;incorrecto;Claim degenerado e incompleto: el fragmento no formula una consideraci?n factual concreta.
131;q162;What the context covers:.;incorrecto;Claim degenerado: anuncia contenido sin especificar ninguna afirmaci?n.
132;q120;Wait for the API and related services to be enabled..;incorrecto;El chunk explica la arquitectura de GKE y no el paso de habilitar APIs o servicios.
133;q065;"Citation: *""For DB instance class, leave the default, which is db.t3.micro.""*.";dudoso;El chunk llega a la clase db.t3 pero se corta antes de mostrar si el valor completo es db.t3.micro y su car?cter predeterminado.
134;q136;Any information about EKS-specific metrics or monitoring.;incorrecto;El chunk contiene m?tricas de Container Insights para ECS, no m?tricas ni monitoreo de EKS.
135;q109;Note: For precise implementation details specific to your environment, refer to the official Google Cloud Build documentation or consult with a cloud architect familiar with GCP services.;correcto;El chunk solo contiene autoescalado de ECS en AWS, por lo que no aporta implementaci?n espec?fica de Cloud Build.
136;q109;Connecting GitHub repositories to Cloud Build.;incorrecto;El chunk explica acceso a logs de builds de Functions y no conexi?n de repositorios GitHub a Cloud Build.
137;q065;"Citation: *""The security groups that are automatically created also respect least privilege as they only allow the mutual connection for this workload on the database port by creating a workload‑specific security group pair.""*.";dudoso;El chunk est? en la configuraci?n de la conexi?n EC2-RDS, pero se corta antes de cualquier detalle sobre los security groups autom?ticos.
138;q080;Measure two types of information: Calculation of a value: Makes calculations based on numeric columns (e.g., CPU percentage).;incorrecto;El chunk trata alertas Prometheus para AKS y no c?lculos sobre columnas num?ricas como CPU.
139;q192;Inference for AWS and Azure:.;incorrecto;Claim degenerado e incompleto: no formula ninguna inferencia sobre AWS o Azure.
140;q088;Location: The Azure region (e.g., [CODE], [CODE]) where your resources will reside..;dudoso;El chunk muestra los prompts del template de Azure, pero se corta antes del campo Location y sus valores.
141;q191;In Azure, these policies can be used to transition blobs to delete blob at the end of their lifecycle or to transition blobs between tiers based on their use patterns ..;incorrecto;El chunk trata snapshots locales de EBS en Outposts, no pol?ticas de lifecycle de Azure Blob.
142;q103;Ensure the instance's firewall rules allow necessary traffic (e.g., HTTP, HTTPS)..;incorrecto;El chunk cubre habilitaci?n de GKE y roles requeridos, no reglas de firewall de una instancia Compute Engine.
143;q145;It is suitable for production workloads requiring 99.9-99.95% API server uptime, workloads requiring 24-month Long Term Support (LTS) Kubernetes version support, regulated environments requiring extended maintenance, and enterprise-grade or production workloads ..;incorrecto;El chunk compara tiers de AKS, no precios de S3/EKS ni los requisitos de uptime y LTS afirmados.
144;q089;Go to Networking settings..;dudoso;El chunk est? dentro de un flujo de networking y private DNS, pero comienza despu?s del paso donde podr?a abrirse Networking.
145;q193;Scope of Encryption: When an encrypted EBS volume is created and attached to a supported instance type, the following data types are encrypted: Data at rest inside the volume..;dudoso;El chunk es de cifrado EBS y KMS, pero comienza despu?s de la secci?n que podr?a enumerar los datos cifrados.
146;q119;GKE cluster creation in Google Cloud console.;correcto;El chunk anuncia expl?citamente crear un cluster GKE y desplegar un workload desde la consola.
147;q082;In the Virtual Network Integration page, under Outbound traffic configuration, select Not configured..;incorrecto;El chunk trata Cloud Services dentro de VNets y no la opci?n Outbound traffic de Virtual Network Integration.
148;q082;"During the creation process, ensure to select the option for ""Virtual network integration"" and choose an existing virtual network or create a new one.";incorrecto;El chunk exige conexi?n a una VNet para triggers, pero no respalda esas opciones durante el proceso de creaci?n.
149;q127;IAM is described as an AWS service that helps administrators securely control access to AWS resources, including authentication and authorization for AWS resources.;incorrecto;El chunk muestra funciones IAM disponibles para ECS, pero no la descripci?n completa sobre administraci?n, autenticaci?n y autorizaci?n.
150;q107;Enable Stackdriver Logging (Cloud Logging).;incorrecto;El chunk trata logs de componentes GKE almacenados en Cloud Logging, no habilitaci?n de logging para BigQuery.
