stratum,stratum_size,inclusion_prob,query_id,claim_idx,claim,best_over_pool,n_chunks_over_soft_tau,decline_class,human_verdict,human_notes
d_threshold_artifact,123,0.08130081300813008,q196,10,GCP: Subnetworks within a VPC network allow you to partition the VPC's IP address range into more manageable sections..,0.4041,1,answered,correcto,
d_threshold_artifact,123,0.08130081300813008,q131,30,"AWS S3 is an object storage service designed for durable, scalable data storage and retrieval, often serving as the data source or trigger for Lambda functions..",0.4619,3,answered,correcto,
d_threshold_artifact,123,0.08130081300813008,q055,0,"Since the direct documentation on Cloud SQL best practices is not included in the provided context, we can infer that detailed best practices would be found elsewhere in Google Cloud's official documentation outside of this excerpt.",0.4919,4,hedged_partial,incorrecto,
d_threshold_artifact,123,0.08130081300813008,q118,9,Command to create an HPA:.,0.4641,4,answered,incorrecto,
d_threshold_artifact,123,0.08130081300813008,q094,9,"For ACI, each container instance receives its own private IP from the subnet..",0.4739,2,answered,incorrecto,
d_threshold_artifact,123,0.08130081300813008,q192,14,Azure Active Directory (Azure AD) B2B/B2C: Service: Azure AD enables external users (B2B) or customers (B2C) to access Azure resources using their existing identity..,0.4595,1,answered,incorrecto,
d_threshold_artifact,123,0.08130081300813008,q124,15,"Cloud Build Configuration: While not explicitly detailed in the context, standard practices for configuring [CODE] are derived from general GCP documentation on Cloud Build..",0.4443,8,hedged_partial,incorrecto,
d_threshold_artifact,123,0.08130081300813008,q057,13,Citation: The relevance of Cloud Build within the CI/CD context for GKE and its role in automated builds and deployments is evident from  and .,0.4817,1,answered,dudoso,"se quedo sin informacion, ya que termine en ""y ."" y no deberia ser asi"
d_threshold_artifact,123,0.08130081300813008,q074,1,Modify the stack file to include an [CODE] from the [CODE] module.,0.4026,2,answered,incorrecto,
d_threshold_artifact,123,0.08130081300813008,q163,12,*Key Point*: Emphasizes that bandwidth usage directly impacts costs..,0.4585,4,hedged_partial,correcto,
a_synthesis_cand,58,0.1724137931034483,q136,7,"For a comprehensive comparison, additional documentation specifically covering AWS EKS would be required.",0.3562,4,pure_decline,incorrecto,
a_synthesis_cand,58,0.1724137931034483,q191,0,"To accurately compare AWS S3 lifecycle policies with Azure Blob Storage tiering, information specific to AWS S3 would be required, which is absent from the given documentation context.",0.386,2,pure_decline,incorrecto,
a_synthesis_cand,58,0.1724137931034483,q089,11,"For detailed steps on each of these configurations, refer to the Azure portal documentation or specific service guides within the Azure Blob Storage section of the provided context.",0.3997,7,pure_decline,incorrecto,
a_synthesis_cand,58,0.1724137931034483,q128,9,"A VPC is essential when you need to isolate and manage multiple types of AWS services (e.g., EC2, RDS) securely within a private network space.",0.3572,2,hedged_partial,correcto,
a_synthesis_cand,58,0.1724137931034483,q161,5,"[Azure > Virtual Network > Enable containers to use Azure Virtual Network capabilities]

These sections describe how the Azure Virtual Network CNI plug-in enables containers (running in AKS or other Kubernetes clusters) to utilize Azure Virtual Network capabilities, such as direct IP assignment and connectivity to virtual network resources.",0.3809,2,pure_decline,correcto,
a_synthesis_cand,58,0.1724137931034483,q079,22,"This process involves launching an EC2 instance with an appropriate AMI, installing Docker, registering the instance with ECS, and creating task definitions and services to manage your containers effectively.",0.3494,3,answered,correcto,
a_synthesis_cand,58,0.1724137931034483,q097,6,"Leverage Azure Monitor Metrics and Alerts: Use these insights to trigger scaling actions in other services (e.g., Kubernetes, VM Scale Sets)..",0.3811,2,pure_decline,correcto,
a_synthesis_cand,58,0.1724137931034483,q106,9,Grant the Cloud Run Invoker role ([CODE]) to your function's service account..,0.3926,3,answered,correcto,
a_synthesis_cand,58,0.1724137931034483,q116,17,"Identify Relevant Methods: For operations like [CODE], [CODE], and [CODE], use specific filter queries to monitor admin activities..",0.333,3,answered,correcto,
a_synthesis_cand,58,0.1724137931034483,q164,3,"For a comprehensive decision on choosing between Azure Blob Storage and Azure Entra ID, additional context regarding security policies, application architecture, compliance requirements, or specific use cases would be necessary.",0.3625,2,pure_decline,correcto,
b_parametric_cand,178,0.056179775280898875,q145,3,provides some insight into S3 costs but lacks any reference to EKS.,0.0996,0,pure_decline,incorrecto,
b_parametric_cand,178,0.056179775280898875,q147,0,"To accurately compare AWS EKS and AWS ECS, additional documentation specific to AWS EKS would be required, which details its architecture, Kubernetes integration, service discovery mechanisms, and any unique features or limitations compared to ECS.",0.0977,0,pure_decline,incorrecto,
b_parametric_cand,178,0.056179775280898875,q066,2,"S3 Intelligent-Tiering: Automatically moves objects between two tiers (Access Tier 1 and Access Tier 2) based on access frequency, optimizing storage costs without manual intervention..",0.0489,0,pure_decline,correcto,
b_parametric_cand,178,0.056179775280898875,q112,1,"For RHEL, SLES, or Ubuntu Pro: Use the Linux VM guide when creating a VM in Compute Engine and select the appropriate version from the public images tab..",0.2249,0,pure_decline,correcto,
b_parametric_cand,178,0.056179775280898875,q097,8,"Review Regional Quotas and Limits: Ensure that any scaling actions respect regional subscription quotas, especially if distributing data across multiple regions or workspaces..",0.3535,1,pure_decline,correcto,
b_parametric_cand,178,0.056179775280898875,q064,1,"Use the AWS Management Console, AWS CLI, or AWS SDKs to create an EKS cluster..",0.0792,0,pure_decline,correcto,
b_parametric_cand,178,0.056179775280898875,q140,2,Use DynamoDB when you need a fully managed NoSQL database service for storing and retrieving large amounts of data with low latency.,0.0285,0,pure_decline,correcto,
b_parametric_cand,178,0.056179775280898875,q174,11,"Integration with GCP Services: Seamlessly integrates with other Google Cloud services such as Compute Engine, BigQuery, and Dataflow..",0.0745,0,pure_decline,correcto,
b_parametric_cand,178,0.056179775280898875,q184,11,Azure Container Registry is similarly a managed service but lacks detailed documentation in the provided context..,0.2725,0,pure_decline,incorrecto,
b_parametric_cand,178,0.056179775280898875,q015,0,"The sections listed focus on using service-linked roles for ECS, an overview of ECS features, Fargate throttling quotas, and the Code of Conduct for EKS.",0.0819,0,pure_decline,correcto,
c_unattributed_cand,400,0.025,q195,10,"General Expectation: Typically, AWS CodePipeline integrates with other AWS services (e.g., CodeBuild, CodeCommit, CodeDeploy) to automate the build, test, and deploy phases of your software release process.",0.1382,0,hedged_partial,incorrecto,
c_unattributed_cand,400,0.025,q099,12,"Assess the need for non-default storage providers: If using a custom storage provider like SQL Server, understand its unique DR and geo-distribution requirements..",0.1799,0,answered,correcto,
c_unattributed_cand,400,0.025,q131,28,"It also supports versioning, lifecycle policies, and cross-region replication..",0.0745,0,answered,correcto,
c_unattributed_cand,400,0.025,q088,12,Add Environment Variable: Set Name to [CODE]..,0.2295,0,answered,incorrecto,
c_unattributed_cand,400,0.025,q128,2,"RDS (Relational Database Service) provides managed database services (e.g., MySQL) that can be deployed within a VPC to ensure secure access..",0.2495,0,hedged_partial,correcto,
c_unattributed_cand,400,0.025,q131,24,"AWS > EC2 > Use Amazon S3 with Amazon EC2 <a name=""AmazonS3""></a>
  
### 5.",0.1511,0,answered,incorrecto,
c_unattributed_cand,400,0.025,q092,17,"In the Azure portal, navigate to Site Recovery under Migration and Branch Management..",0.165,0,answered,correcto,
c_unattributed_cand,400,0.025,q176,18,*(Note: The focus is on quick provisioning rather than intricate service discovery.)*.,0.2556,0,answered,incorrecto,
c_unattributed_cand,400,0.025,q070,26,"Configure Service Settings: When creating a service, select the Blue/Green deployment type for robust traffic management and minimal downtime..",0.126,0,answered,correcto,
c_unattributed_cand,400,0.025,q176,19,"Google Cloud Run: Offers built-in service discovery through its integration with Kubernetes concepts like Services, and automatically scales to zero or up based on traffic, making it highly efficient for stateless workloads..",0.1805,0,answered,incorrecto,
